GROUP,TP,TN,FP,FN,P,R,F1,A
group,20,0,15,75,0.5714285714285714,0.21052631578947367,0.3076923076923077,0.18181818181818182
