FIELD,TP,TN,FP,FN,P,R,F1,A
product,104,0,5,26,0.9541284403669725,0.8,0.8702928870292888,0.7703703703703704
quantity,107,0,9,15,0.9224137931034483,0.8770491803278688,0.8991596638655462,0.816793893129771
total_amount,34,0,7,14,0.8292682926829268,0.7083333333333334,0.7640449438202247,0.6181818181818182
price,112,0,11,13,0.9105691056910569,0.896,0.903225806451613,0.8235294117647058
supplier_name,22,0,4,23,0.8461538461538461,0.4888888888888889,0.6197183098591549,0.4489795918367347
invoice_number,33,0,2,11,0.9428571428571428,0.75,0.8354430379746834,0.717391304347826
email,20,0,1,11,0.9523809523809523,0.6451612903225806,0.7692307692307692,0.625
invoice_date,35,0,4,10,0.8974358974358975,0.7777777777777778,0.8333333333333333,0.7142857142857143
