GROUP,TP,TN,FP,FN,P,R,F1,A
group,2,0,33,93,0.05714285714285714,0.021052631578947368,0.030769230769230767,0.015625
