FIELD,TP,TN,FP,FN,P,R,F1,A
product,97,0,13,33,0.8818181818181818,0.7461538461538462,0.8083333333333333,0.6783216783216783
quantity,4,0,112,118,0.034482758620689655,0.03278688524590164,0.033613445378151266,0.017094017094017096
total_amount,9,0,32,39,0.21951219512195122,0.1875,0.20224719101123598,0.1125
price,102,0,21,23,0.8292682926829268,0.816,0.8225806451612903,0.6986301369863014
supplier_name,22,0,9,23,0.7096774193548387,0.4888888888888889,0.5789473684210527,0.4074074074074074
invoice_number,34,0,1,10,0.9714285714285714,0.7727272727272727,0.8607594936708862,0.7555555555555555
email,20,0,5,11,0.8,0.6451612903225806,0.7142857142857142,0.5555555555555556
invoice_date,3,0,38,42,0.07317073170731707,0.06666666666666667,0.06976744186046512,0.03614457831325301
