FIELD,TP,TN,FP,FN,P,R,F1,A
product,267,0,27,92,0.9081632653061225,0.7437325905292479,0.8177641653905054,0.6917098445595855
quantity,1,0,311,327,0.003205128205128205,0.003048780487804878,0.003125,0.001564945226917058
total_amount,20,0,56,74,0.2631578947368421,0.2127659574468085,0.2352941176470588,0.13333333333333333
price,287,0,54,69,0.841642228739003,0.8061797752808989,0.8235294117647058,0.7
supplier_name,63,0,14,26,0.8181818181818182,0.7078651685393258,0.7590361445783134,0.6116504854368932
invoice_number,69,0,7,24,0.9078947368421053,0.7419354838709677,0.8165680473372782,0.69
email,43,0,4,10,0.9148936170212766,0.8113207547169812,0.8600000000000001,0.7543859649122807
invoice_date,7,0,75,78,0.08536585365853659,0.08235294117647059,0.08383233532934131,0.04375
