GROUP,TP,TN,FP,FN,P,R,F1,A
group,2,0,83,263,0.023529411764705882,0.007547169811320755,0.01142857142857143,0.005747126436781609
