GROUP,TP,TN,FP,FN,P,R,F1,A
group,210,0,142,55,0.5965909090909091,0.7924528301886793,0.6807131280388979,0.515970515970516
